INSERT INTO tb_nivel(nivel, descricao) VALUES (1, 'Basic');
INSERT INTO tb_nivel(nivel, descricao) VALUES (2, 'Intermediary');

INSERT INTO tb_operador (operador, cargo) VALUES ('Maria', 'Operador');
INSERT INTO tb_operador (operador, cargo) VALUES ('Renato', 'Operador');
INSERT INTO tb_operador (operador, cargo) VALUES ('Matheus', 'Operador');
INSERT INTO tb_operador (operador, cargo) VALUES ('Amanda', 'Operador');
INSERT INTO tb_operador (operador, cargo) VALUES ('Carlos', 'Operador');
INSERT INTO tb_operador (operador, cargo) VALUES ('Silvia', 'Operador');
INSERT INTO tb_operador (operador, cargo) VALUES ('Aline', 'Operador');
INSERT INTO tb_operador (operador, cargo) VALUES ('Alex',	'Operador');
INSERT INTO tb_operador (operador, cargo) VALUES ('Jandira', 'Operador');
INSERT INTO tb_operador (operador, cargo) VALUES ('Sandra', 'Operador');
INSERT INTO tb_operador (operador, cargo) VALUES ('Caique', 'Operador');
INSERT INTO tb_operador (operador, cargo) VALUES ('Ivan',	'Operador');
INSERT INTO tb_operador (operador, cargo) VALUES ('Lucas', 'Operador');
INSERT INTO tb_operador (operador, cargo) VALUES ('Carla', 'Operador');
INSERT INTO tb_operador (operador, cargo) VALUES ('Lucas S', 'Operador');
INSERT INTO tb_operador (operador, cargo) VALUES ('Aline B', 'Operador');

INSERT INTO tb_ti (profissional, cargo) VALUES ('Geovani', 'Coordenador de Projetos');
INSERT INTO tb_ti (profissional, cargo) VALUES ('Daniel', 'Suporte');
INSERT INTO tb_ti (profissional, cargo) VALUES ('Matheus', 'Suporte');

INSERT INTO tb_chamado (titulo, descricao, id_profissional, id_operador, dataChamado, id_nivel) VALUES ('Pasta não encontrada', 'If you are adding values for all the columns of the table.', 3, 9, '2020-04-06', 1);
INSERT INTO tb_chamado (titulo, descricao, id_profissional, id_operador, dataChamado, id_nivel) VALUES ('Monitor não liga',	'If you are adding values for all the columns of the table.',	2,	10,	'2020-04-26',	1);
INSERT INTO tb_chamado (titulo, descricao, id_profissional, id_operador, dataChamado, id_nivel) VALUES ('Cadeira não fixa',	'If you are adding values for all the columns of the table.',	3,	15,	'2020-03-09',	2);
INSERT INTO tb_chamado (titulo, descricao, id_profissional, id_operador, dataChamado, id_nivel) VALUES ('Não tem office',	'If you are adding values for all the columns of the table.',	3,	2,	'2020-04-06',	1);
INSERT INTO tb_chamado (titulo, descricao, id_profissional, id_operador, dataChamado, id_nivel) VALUES ('Programa não abre',	'If you are adding values for all the columns of the table.',	3,	6,	'2020-02-14',	1);
INSERT INTO tb_chamado (titulo, descricao, id_profissional, id_operador, dataChamado, id_nivel) VALUES ('Cadeira não fixa',	'If you are adding values for all the columns of the table.',	2,	3,	'2020-05-20',	1);
INSERT INTO tb_chamado (titulo, descricao, id_profissional, id_operador, dataChamado, id_nivel) VALUES ('Cadeira não fixa',	'If you are adding values for all the columns of the table.',	1,	15,	'2020-02-04',	1);
INSERT INTO tb_chamado (titulo, descricao, id_profissional, id_operador, dataChamado, id_nivel) VALUES ('Exyon não abre',	'If you are adding values for all the columns of the table.',	2,	12,	'2020-02-20',	2);
INSERT INTO tb_chamado (titulo, descricao, id_profissional, id_operador, dataChamado, id_nivel) VALUES ('troca de monitor',	'If you are adding values for all the columns of the table.',	3,	6,	'2020-02-26',	1);
INSERT INTO tb_chamado (titulo, descricao, id_profissional, id_operador, dataChamado, id_nivel) VALUES ('Sem audio',	'If you are adding values for all the columns of the table.',	1,	15,	'2020-02-19',	1);
INSERT INTO tb_chamado (titulo, descricao, id_profissional, id_operador, dataChamado, id_nivel) VALUES ('Troca de mouse',	'If you are adding values for all the columns of the table.',	1,	11,	'2020-03-13',	1);
INSERT INTO tb_chamado (titulo, descricao, id_profissional, id_operador, dataChamado, id_nivel) VALUES ('Monitor não liga',	'If you are adding values for all the columns of the table.',	1,	4,	'2020-03-05',	2);
INSERT INTO tb_chamado (titulo, descricao, id_profissional, id_operador, dataChamado, id_nivel) VALUES ('Pasta não encontrada',	'If you are adding values for all the columns of the table.',	1,	5,	'2020-03-07',	2);
INSERT INTO tb_chamado (titulo, descricao, id_profissional, id_operador, dataChamado, id_nivel) VALUES ('Cadeira não fixa',	'If you are adding values for all the columns of the table.',	2,	15,	'2020-03-30',	2);
INSERT INTO tb_chamado (titulo, descricao, id_profissional, id_operador, dataChamado, id_nivel) VALUES ('Exyon não abre',	'If you are adding values for all the columns of the table.',	3,	12,	'2020-05-18',	1);
INSERT INTO tb_chamado (titulo, descricao, id_profissional, id_operador, dataChamado, id_nivel) VALUES ('Não tem chrome',	'If you are adding values for all the columns of the table.',	2,	2,	'2020-03-10',	1);
INSERT INTO tb_chamado (titulo, descricao, id_profissional, id_operador, dataChamado, id_nivel) VALUES ('troca de monitor',	'If you are adding values for all the columns of the table.',	3,	11,	'2020-03-18',	2);
INSERT INTO tb_chamado (titulo, descricao, id_profissional, id_operador, dataChamado, id_nivel) VALUES ('Audio falhando',	'If you are adding values for all the columns of the table.',	1,	10,	'2020-05-06',	1);
INSERT INTO tb_chamado (titulo, descricao, id_profissional, id_operador, dataChamado, id_nivel) VALUES ('Internet não funciona',	'If you are adding values for all the columns of the table.',	1,	6,	'2020-02-07',	2);
INSERT INTO tb_chamado (titulo, descricao, id_profissional, id_operador, dataChamado, id_nivel) VALUES ('Total Phone não conecta',	'If you are adding values for all the columns of the table.',	2,	1,	'2020-03-01',	2);
INSERT INTO tb_chamado (titulo, descricao, id_profissional, id_operador, dataChamado, id_nivel) VALUES ('Monitor não liga',	'If you are adding values for all the columns of the table.',	2,	13,	'2020-04-22',	2);
INSERT INTO tb_chamado (titulo, descricao, id_profissional, id_operador, dataChamado, id_nivel) VALUES ('Total Phone não conecta',	'If you are adding values for all the columns of the table.',	2,	13,	'2020-05-02',	1);
INSERT INTO tb_chamado (titulo, descricao, id_profissional, id_operador, dataChamado, id_nivel) VALUES ('Total Phone não conecta',	'If you are adding values for all the columns of the table.',	3,	6,	'2020-04-26',	2);
INSERT INTO tb_chamado (titulo, descricao, id_profissional, id_operador, dataChamado, id_nivel) VALUES ('Internet não funciona',	'If you are adding values for all the columns of the table.',	2,	3,	'2020-04-04',	2);
INSERT INTO tb_chamado (titulo, descricao, id_profissional, id_operador, dataChamado, id_nivel) VALUES ('Audio falhando',	'If you are adding values for all the columns of the table.',	3,	3,	'2020-03-18',	2);
INSERT INTO tb_chamado (titulo, descricao, id_profissional, id_operador, dataChamado, id_nivel) VALUES ('Audio falhando',	'If you are adding values for all the columns of the table.',	1,	15,	'2020-03-17',	1);
INSERT INTO tb_chamado (titulo, descricao, id_profissional, id_operador, dataChamado, id_nivel) VALUES ('RCB não abre',	'If you are adding values for all the columns of the table.',	3,	6,	'2020-05-01',	1);
INSERT INTO tb_chamado (titulo, descricao, id_profissional, id_operador, dataChamado, id_nivel) VALUES ('Exyon não abre',	'If you are adding values for all the columns of the table.',	3,	2,	'2020-05-19',	1);
INSERT INTO tb_chamado (titulo, descricao, id_profissional, id_operador, dataChamado, id_nivel) VALUES ('Audio falhando',	'If you are adding values for all the columns of the table.',	3,	11,	'2020-03-13',	1);
INSERT INTO tb_chamado (titulo, descricao, id_profissional, id_operador, dataChamado, id_nivel) VALUES ('Troca de mouse',	'If you are adding values for all the columns of the table.',	3,	16,	'2020-02-26',	2);
INSERT INTO tb_chamado (titulo, descricao, id_profissional, id_operador, dataChamado, id_nivel) VALUES ('Sem audio',	'If you are adding values for all the columns of the table.',	3,	6,	'2020-04-22',	1);
INSERT INTO tb_chamado (titulo, descricao, id_profissional, id_operador, dataChamado, id_nivel) VALUES ('Total Phone não conecta',	'If you are adding values for all the columns of the table.',	1,	16,	'2020-03-06',	1);
INSERT INTO tb_chamado (titulo, descricao, id_profissional, id_operador, dataChamado, id_nivel) VALUES ('Troca de mouse',	'If you are adding values for all the columns of the table.',	3,	8,	'2020-02-25',	1);
INSERT INTO tb_chamado (titulo, descricao, id_profissional, id_operador, dataChamado, id_nivel) VALUES ('Cadeira não fixa',	'If you are adding values for all the columns of the table.',	1,	4,	'2020-05-10',	1);
INSERT INTO tb_chamado (titulo, descricao, id_profissional, id_operador, dataChamado, id_nivel) VALUES ('Não tem chrome',	'If you are adding values for all the columns of the table.',	2,	15,	'2020-02-18',	1);
INSERT INTO tb_chamado (titulo, descricao, id_profissional, id_operador, dataChamado, id_nivel) VALUES ('Troca de mouse',	'If you are adding values for all the columns of the table.',	3,	13,	'2020-05-21',	2);
INSERT INTO tb_chamado (titulo, descricao, id_profissional, id_operador, dataChamado, id_nivel) VALUES ('Programa não abre',	'If you are adding values for all the columns of the table.',	1,	2,	'2020-05-10',	2);
INSERT INTO tb_chamado (titulo, descricao, id_profissional, id_operador, dataChamado, id_nivel) VALUES ('Monitor não liga',	'If you are adding values for all the columns of the table.',	2,	10,	'2020-05-02',	1);
INSERT INTO tb_chamado (titulo, descricao, id_profissional, id_operador, dataChamado, id_nivel) VALUES ('Não tem chrome',	'If you are adding values for all the columns of the table.',	2,	10,	'2020-02-19',	1);
INSERT INTO tb_chamado (titulo, descricao, id_profissional, id_operador, dataChamado, id_nivel) VALUES ('Total Phone não conecta',	'If you are adding values for all the columns of the table.',	2,	13,	'2020-05-08',	1);
INSERT INTO tb_chamado (titulo, descricao, id_profissional, id_operador, dataChamado, id_nivel) VALUES ('Programa não abre',	'If you are adding values for all the columns of the table.',	3,	8,	'2020-01-30',	1);
INSERT INTO tb_chamado (titulo, descricao, id_profissional, id_operador, dataChamado, id_nivel) VALUES ('Troca de teclado',	'If you are adding values for all the columns of the table.',	1,	3,	'2020-05-24',	1);
INSERT INTO tb_chamado (titulo, descricao, id_profissional, id_operador, dataChamado, id_nivel) VALUES ('Audio falhando',	'If you are adding values for all the columns of the table.',	3,	2,	'2020-03-28',	1);
INSERT INTO tb_chamado (titulo, descricao, id_profissional, id_operador, dataChamado, id_nivel) VALUES ('Cadeira não fixa',	'If you are adding values for all the columns of the table.',	3,	15,	'2020-04-03',	2);
INSERT INTO tb_chamado (titulo, descricao, id_profissional, id_operador, dataChamado, id_nivel) VALUES ('Total Phone não conecta',	'If you are adding values for all the columns of the table.',	3,	15,	'2020-04-27',	2);
INSERT INTO tb_chamado (titulo, descricao, id_profissional, id_operador, dataChamado, id_nivel) VALUES ('Internet não funciona',	'If you are adding values for all the columns of the table.',	1,	11,	'2020-05-05',	1);
INSERT INTO tb_chamado (titulo, descricao, id_profissional, id_operador, dataChamado, id_nivel) VALUES ('Cadeira não fixa',	'If you are adding values for all the columns of the table.',	3,	6,	'2020-05-19',	1);
INSERT INTO tb_chamado (titulo, descricao, id_profissional, id_operador, dataChamado, id_nivel) VALUES ('Troca de mouse',	'If you are adding values for all the columns of the table.',	3,	15,	'2020-02-29',	1);
INSERT INTO tb_chamado (titulo, descricao, id_profissional, id_operador, dataChamado, id_nivel) VALUES ('RCB não abre',	'If you are adding values for all the columns of the table.',	1,	15,	'2020-05-02',	2);
INSERT INTO tb_chamado (titulo, descricao, id_profissional, id_operador, dataChamado, id_nivel) VALUES ('Troca de mouse',	'If you are adding values for all the columns of the table.',	2,	16,	'2020-04-06',	1);
INSERT INTO tb_chamado (titulo, descricao, id_profissional, id_operador, dataChamado, id_nivel) VALUES ('Troca de mouse',	'If you are adding values for all the columns of the table.',	1,	11,	'2020-03-08',	2);
INSERT INTO tb_chamado (titulo, descricao, id_profissional, id_operador, dataChamado, id_nivel) VALUES ('Internet não funciona',	'If you are adding values for all the columns of the table.',	3,	15,	'2020-03-07',	1);
INSERT INTO tb_chamado (titulo, descricao, id_profissional, id_operador, dataChamado, id_nivel) VALUES ('Monitor não liga',	'If you are adding values for all the columns of the table.',	1,	12,	'2020-03-11',	2);
INSERT INTO tb_chamado (titulo, descricao, id_profissional, id_operador, dataChamado, id_nivel) VALUES ('Sem audio',	'If you are adding values for all the columns of the table.',	3,	9,	'2020-05-16',	2);
INSERT INTO tb_chamado (titulo, descricao, id_profissional, id_operador, dataChamado, id_nivel) VALUES ('Troca de teclado',	'If you are adding values for all the columns of the table.',	3,	16,	'2020-03-08',	2);
INSERT INTO tb_chamado (titulo, descricao, id_profissional, id_operador, dataChamado, id_nivel) VALUES ('Não tem office',	'If you are adding values for all the columns of the table.',	3,	12,	'2020-05-14',	2);
INSERT INTO tb_chamado (titulo, descricao, id_profissional, id_operador, dataChamado, id_nivel) VALUES ('Internet não funciona',	'If you are adding values for all the columns of the table.',	3,	2,	'2020-03-27',	1);
INSERT INTO tb_chamado (titulo, descricao, id_profissional, id_operador, dataChamado, id_nivel) VALUES ('Sem audio',	'If you are adding values for all the columns of the table.',	3,	14,	'2020-04-22',	2);
INSERT INTO tb_chamado (titulo, descricao, id_profissional, id_operador, dataChamado, id_nivel) VALUES ('Computador não inicia',	'If you are adding values for all the columns of the table.',	2,	4,	'2020-03-12',	2);
INSERT INTO tb_chamado (titulo, descricao, id_profissional, id_operador, dataChamado, id_nivel) VALUES ('Monitor não liga',	'If you are adding values for all the columns of the table.',	1,	8,	'2020-04-24',	2);
INSERT INTO tb_chamado (titulo, descricao, id_profissional, id_operador, dataChamado, id_nivel) VALUES ('Programa não abre',	'If you are adding values for all the columns of the table.',	3,	15,	'2020-03-09',	1);
INSERT INTO tb_chamado (titulo, descricao, id_profissional, id_operador, dataChamado, id_nivel) VALUES ('Troca de teclado',	'If you are adding values for all the columns of the table.',	3,	9,	'2020-05-03',	2);
INSERT INTO tb_chamado (titulo, descricao, id_profissional, id_operador, dataChamado, id_nivel) VALUES ('Computador não inicia',	'If you are adding values for all the columns of the table.',	1,	12,	'2020-04-26',	2);
INSERT INTO tb_chamado (titulo, descricao, id_profissional, id_operador, dataChamado, id_nivel) VALUES ('Não tem chrome',	'If you are adding values for all the columns of the table.',	2,	1,	'2020-04-14',	2);
INSERT INTO tb_chamado (titulo, descricao, id_profissional, id_operador, dataChamado, id_nivel) VALUES ('Monitor não liga',	'If you are adding values for all the columns of the table.',	2,	9,	'2020-04-28',	1);
INSERT INTO tb_chamado (titulo, descricao, id_profissional, id_operador, dataChamado, id_nivel) VALUES ('Pasta não encontrada',	'If you are adding values for all the columns of the table.',	3,	1,	'2020-05-16',	1);
INSERT INTO tb_chamado (titulo, descricao, id_profissional, id_operador, dataChamado, id_nivel) VALUES ('Não tem office',	'If you are adding values for all the columns of the table.',	1,	16,	'2020-02-12',	2);
INSERT INTO tb_chamado (titulo, descricao, id_profissional, id_operador, dataChamado, id_nivel) VALUES ('Sem audio',	'If you are adding values for all the columns of the table.',	3,	11,	'2020-03-29',	2);
INSERT INTO tb_chamado (titulo, descricao, id_profissional, id_operador, dataChamado, id_nivel) VALUES ('Audio falhando',	'If you are adding values for all the columns of the table.',	2,	1,	'2020-02-26',	1);
INSERT INTO tb_chamado (titulo, descricao, id_profissional, id_operador, dataChamado, id_nivel) VALUES ('Não tem chrome',	'If you are adding values for all the columns of the table.',	2,	14,	'2020-03-12',	1);
INSERT INTO tb_chamado (titulo, descricao, id_profissional, id_operador, dataChamado, id_nivel) VALUES ('Total Phone não conecta',	'If you are adding values for all the columns of the table.',	2,	13,	'2020-03-20',	1);
INSERT INTO tb_chamado (titulo, descricao, id_profissional, id_operador, dataChamado, id_nivel) VALUES ('RCB não abre',	'If you are adding values for all the columns of the table.',	1,	1,	'2020-02-24',	2);
INSERT INTO tb_chamado (titulo, descricao, id_profissional, id_operador, dataChamado, id_nivel) VALUES ('Exyon não abre',	'If you are adding values for all the columns of the table.',	3,	14,	'2020-03-09',	1);
INSERT INTO tb_chamado (titulo, descricao, id_profissional, id_operador, dataChamado, id_nivel) VALUES ('Computador não inicia',	'If you are adding values for all the columns of the table.',	2,	4,	'2020-03-28',	2);
INSERT INTO tb_chamado (titulo, descricao, id_profissional, id_operador, dataChamado, id_nivel) VALUES ('Computador não inicia',	'If you are adding values for all the columns of the table.',	2,	5,	'2020-02-05',	2);
INSERT INTO tb_chamado (titulo, descricao, id_profissional, id_operador, dataChamado, id_nivel) VALUES ('Troca de mouse',	'If you are adding values for all the columns of the table.',	2,	8,	'2020-03-03',	2);
INSERT INTO tb_chamado (titulo, descricao, id_profissional, id_operador, dataChamado, id_nivel) VALUES ('RCB não abre',	'If you are adding values for all the columns of the table.',	1,	3,	'2020-04-15',	2);
INSERT INTO tb_chamado (titulo, descricao, id_profissional, id_operador, dataChamado, id_nivel) VALUES ('Programa não abre',	'If you are adding values for all the columns of the table.',	2,	1,	'2020-04-16',	2);
INSERT INTO tb_chamado (titulo, descricao, id_profissional, id_operador, dataChamado, id_nivel) VALUES ('Sem audio',	'If you are adding values for all the columns of the table.',	3,	7,	'2020-02-10',	2);
INSERT INTO tb_chamado (titulo, descricao, id_profissional, id_operador, dataChamado, id_nivel) VALUES ('Computador não inicia',	'If you are adding values for all the columns of the table.',	1,	4,	'2020-03-05',	2);
INSERT INTO tb_chamado (titulo, descricao, id_profissional, id_operador, dataChamado, id_nivel) VALUES ('Programa não abre',	'If you are adding values for all the columns of the table.',	1,	6,	'2020-04-17',	2);
INSERT INTO tb_chamado (titulo, descricao, id_profissional, id_operador, dataChamado, id_nivel) VALUES ('troca de monitor',	'If you are adding values for all the columns of the table.',	1,	15,	'2020-04-24',	2);
INSERT INTO tb_chamado (titulo, descricao, id_profissional, id_operador, dataChamado, id_nivel) VALUES ('Exyon não abre',	'If you are adding values for all the columns of the table.',	2,	15,	'2020-03-10',	2);
INSERT INTO tb_chamado (titulo, descricao, id_profissional, id_operador, dataChamado, id_nivel) VALUES ('Troca de teclado',	'If you are adding values for all the columns of the table.',	2,	15,	'2020-05-06',	2);
INSERT INTO tb_chamado (titulo, descricao, id_profissional, id_operador, dataChamado, id_nivel) VALUES ('Audio falhando',	'If you are adding values for all the columns of the table.',	3,	16,	'2020-04-06',	2);
INSERT INTO tb_chamado (titulo, descricao, id_profissional, id_operador, dataChamado, id_nivel) VALUES ('Pasta não encontrada',	'If you are adding values for all the columns of the table.',	3,	7,	'2020-03-04',	1);
INSERT INTO tb_chamado (titulo, descricao, id_profissional, id_operador, dataChamado, id_nivel) VALUES ('Troca de mouse',	'If you are adding values for all the columns of the table.',	2,	2,	'2020-03-28',	1);
INSERT INTO tb_chamado (titulo, descricao, id_profissional, id_operador, dataChamado, id_nivel) VALUES ('RCB não abre',	'If you are adding values for all the columns of the table.',	1,	9,	'2020-03-26',	2);
INSERT INTO tb_chamado (titulo, descricao, id_profissional, id_operador, dataChamado, id_nivel) VALUES ('Troca de mouse',	'If you are adding values for all the columns of the table.',	1,	10,	'2020-05-12',	2);
INSERT INTO tb_chamado (titulo, descricao, id_profissional, id_operador, dataChamado, id_nivel) VALUES ('Pasta não encontrada',	'If you are adding values for all the columns of the table.',	2,	5,	'2020-04-09',	2);
INSERT INTO tb_chamado (titulo, descricao, id_profissional, id_operador, dataChamado, id_nivel) VALUES ('Não tem office',	'If you are adding values for all the columns of the table.',	3,	3,	'2020-05-22',	1);
INSERT INTO tb_chamado (titulo, descricao, id_profissional, id_operador, dataChamado, id_nivel) VALUES ('Troca de teclado',	'If you are adding values for all the columns of the table.',	2,	9,	'2020-04-22',	2);
INSERT INTO tb_chamado (titulo, descricao, id_profissional, id_operador, dataChamado, id_nivel) VALUES ('RCB não abre',	'If you are adding values for all the columns of the table.',	1,	9,	'2020-03-30',	2);
INSERT INTO tb_chamado (titulo, descricao, id_profissional, id_operador, dataChamado, id_nivel) VALUES ('RCB não abre',	'If you are adding values for all the columns of the table.',	3,	12,	'2020-04-20',	2);
INSERT INTO tb_chamado (titulo, descricao, id_profissional, id_operador, dataChamado, id_nivel) VALUES ('RCB não abre',	'If you are adding values for all the columns of the table.',	1,	10,	'2020-02-14',	2);
INSERT INTO tb_chamado (titulo, descricao, id_profissional, id_operador, dataChamado, id_nivel) VALUES ('Audio falhando',	'If you are adding values for all the columns of the table.',	2,	10,	'2020-05-23',	1);
INSERT INTO tb_chamado (titulo, descricao, id_profissional, id_operador, dataChamado, id_nivel) VALUES ('Exyon não abre',	'If you are adding values for all the columns of the table.',	2,	5,	'2020-05-12',	2);
INSERT INTO tb_chamado (titulo, descricao, id_profissional, id_operador, dataChamado, id_nivel) VALUES ('Troca de mouse',	'If you are adding values for all the columns of the table.',	1,	3,	'2020-03-29',	1);
INSERT INTO tb_chamado (titulo, descricao, id_profissional, id_operador, dataChamado, id_nivel) VALUES ('troca de monitor',	'If you are adding values for all the columns of the table.',	3,	5,	'2020-04-13',	2);
INSERT INTO tb_chamado (titulo, descricao, id_profissional, id_operador, dataChamado, id_nivel) VALUES ('Troca de teclado',	'If you are adding values for all the columns of the table.',	1,	5,	'2020-04-02',	1);
INSERT INTO tb_chamado (titulo, descricao, id_profissional, id_operador, dataChamado, id_nivel) VALUES ('Audio falhando',	'If you are adding values for all the columns of the table.',	3,	10,	'2020-03-28',	2);
INSERT INTO tb_chamado (titulo, descricao, id_profissional, id_operador, dataChamado, id_nivel) VALUES ('RCB não abre',	'If you are adding values for all the columns of the table.',	2,	5,	'2020-02-06',	1);
INSERT INTO tb_chamado (titulo, descricao, id_profissional, id_operador, dataChamado, id_nivel) VALUES ('Programa não abre',	'If you are adding values for all the columns of the table.',	1,	8,	'2020-02-01',	1);
INSERT INTO tb_chamado (titulo, descricao, id_profissional, id_operador, dataChamado, id_nivel) VALUES ('Programa não abre',	'If you are adding values for all the columns of the table.',	3,	13,	'2020-04-27',	1);
INSERT INTO tb_chamado (titulo, descricao, id_profissional, id_operador, dataChamado, id_nivel) VALUES ('Não tem office',	'If you are adding values for all the columns of the table.',	1,	4,	'2020-02-13',	2);
INSERT INTO tb_chamado (titulo, descricao, id_profissional, id_operador, dataChamado, id_nivel) VALUES ('Audio falhando',	'If you are adding values for all the columns of the table.',	3,	1,	'2020-05-08',	1);
INSERT INTO tb_chamado (titulo, descricao, id_profissional, id_operador, dataChamado, id_nivel) VALUES ('Troca de teclado',	'If you are adding values for all the columns of the table.',	1,	12,	'2020-04-27',	2);
INSERT INTO tb_chamado (titulo, descricao, id_profissional, id_operador, dataChamado, id_nivel) VALUES ('Sem audio',	'If you are adding values for all the columns of the table.',	1,	5,	'2020-05-08',	1);
INSERT INTO tb_chamado (titulo, descricao, id_profissional, id_operador, dataChamado, id_nivel) VALUES ('Computador não inicia',	'If you are adding values for all the columns of the table.',	2,	16,	'2020-02-17',	1);
INSERT INTO tb_chamado (titulo, descricao, id_profissional, id_operador, dataChamado, id_nivel) VALUES ('troca de monitor',	'If you are adding values for all the columns of the table.',	1,	9,	'2020-03-18',	1);
INSERT INTO tb_chamado (titulo, descricao, id_profissional, id_operador, dataChamado, id_nivel) VALUES ('Total Phone não conecta',	'If you are adding values for all the columns of the table.',	1,	1,	'2020-04-10',	2);
INSERT INTO tb_chamado (titulo, descricao, id_profissional, id_operador, dataChamado, id_nivel) VALUES ('Exyon não abre',	'If you are adding values for all the columns of the table.',	1,	16,	'2020-04-25',	1);
INSERT INTO tb_chamado (titulo, descricao, id_profissional, id_operador, dataChamado, id_nivel) VALUES ('Troca de teclado',	'If you are adding values for all the columns of the table.',	1,	13,	'2020-05-07',	2);
INSERT INTO tb_chamado (titulo, descricao, id_profissional, id_operador, dataChamado, id_nivel) VALUES ('Audio falhando',	'If you are adding values for all the columns of the table.',	1,	6,	'2020-03-23',	2);
INSERT INTO tb_chamado (titulo, descricao, id_profissional, id_operador, dataChamado, id_nivel) VALUES ('Audio falhando',	'If you are adding values for all the columns of the table.',	3,	13,	'2020-05-08',	1);
INSERT INTO tb_chamado (titulo, descricao, id_profissional, id_operador, dataChamado, id_nivel) VALUES ('Pasta não encontrada',	'If you are adding values for all the columns of the table.',	1,	10,	'2020-05-14',	2);
INSERT INTO tb_chamado (titulo, descricao, id_profissional, id_operador, dataChamado, id_nivel) VALUES ('Computador não inicia',	'If you are adding values for all the columns of the table.',	3,	12,	'2020-03-02',	1);
INSERT INTO tb_chamado (titulo, descricao, id_profissional, id_operador, dataChamado, id_nivel) VALUES ('troca de monitor',	'If you are adding values for all the columns of the table.',	3,	5,	'2020-02-16',	2);
INSERT INTO tb_chamado (titulo, descricao, id_profissional, id_operador, dataChamado, id_nivel) VALUES ('Pasta não encontrada',	'If you are adding values for all the columns of the table.',	1,	11,	'2020-03-31',	2);
INSERT INTO tb_chamado (titulo, descricao, id_profissional, id_operador, dataChamado, id_nivel) VALUES ('Não tem chrome',	'If you are adding values for all the columns of the table.',	3,	2,	'2020-02-16',	1);
INSERT INTO tb_chamado (titulo, descricao, id_profissional, id_operador, dataChamado, id_nivel) VALUES ('Cadeira não fixa',	'If you are adding values for all the columns of the table.',	1,	15,	'2020-03-13',	2);
INSERT INTO tb_chamado (titulo, descricao, id_profissional, id_operador, dataChamado, id_nivel) VALUES ('Monitor não liga',	'If you are adding values for all the columns of the table.',	2,	5,	'2020-04-22',	1);
INSERT INTO tb_chamado (titulo, descricao, id_profissional, id_operador, dataChamado, id_nivel) VALUES ('Cadeira não fixa',	'If you are adding values for all the columns of the table.',	1,	10,	'2020-02-17',	1);
INSERT INTO tb_chamado (titulo, descricao, id_profissional, id_operador, dataChamado, id_nivel) VALUES ('Sem audio',	'If you are adding values for all the columns of the table.',	1,	1,	'2020-04-17',	2);
INSERT INTO tb_chamado (titulo, descricao, id_profissional, id_operador, dataChamado, id_nivel) VALUES ('troca de monitor',	'If you are adding values for all the columns of the table.',	3,	10,	'2020-05-11',	1);
INSERT INTO tb_chamado (titulo, descricao, id_profissional, id_operador, dataChamado, id_nivel) VALUES ('Não tem office',	'If you are adding values for all the columns of the table.',	3,	12,	'2020-05-12',	1);
INSERT INTO tb_chamado (titulo, descricao, id_profissional, id_operador, dataChamado, id_nivel) VALUES ('Troca de teclado',	'If you are adding values for all the columns of the table.',	3,	11,	'2020-04-05',	2);
INSERT INTO tb_chamado (titulo, descricao, id_profissional, id_operador, dataChamado, id_nivel) VALUES ('Computador não inicia',	'If you are adding values for all the columns of the table.',	3,	3,	'2020-02-09',	2);
INSERT INTO tb_chamado (titulo, descricao, id_profissional, id_operador, dataChamado, id_nivel) VALUES ('Exyon não abre',	'If you are adding values for all the columns of the table.',	3,	16,	'2020-05-15',	1);
INSERT INTO tb_chamado (titulo, descricao, id_profissional, id_operador, dataChamado, id_nivel) VALUES ('Exyon não abre',	'If you are adding values for all the columns of the table.',	1,	4,	'2020-04-11',	1);
INSERT INTO tb_chamado (titulo, descricao, id_profissional, id_operador, dataChamado, id_nivel) VALUES ('Computador não inicia',	'If you are adding values for all the columns of the table.',	1,	10,	'2020-05-12',	1);
INSERT INTO tb_chamado (titulo, descricao, id_profissional, id_operador, dataChamado, id_nivel) VALUES ('Sem audio',	'If you are adding values for all the columns of the table.',	2,	9,	'2020-04-14',	1);
INSERT INTO tb_chamado (titulo, descricao, id_profissional, id_operador, dataChamado, id_nivel) VALUES ('troca de monitor',	'If you are adding values for all the columns of the table.',	2,	14,	'2020-04-05',	1);
INSERT INTO tb_chamado (titulo, descricao, id_profissional, id_operador, dataChamado, id_nivel) VALUES ('Internet não funciona',	'If you are adding values for all the columns of the table.',	2,	1,	'2020-02-01',	1);
INSERT INTO tb_chamado (titulo, descricao, id_profissional, id_operador, dataChamado, id_nivel) VALUES ('Sem audio',	'If you are adding values for all the columns of the table.',	1,	2,	'2020-05-10',	1);
INSERT INTO tb_chamado (titulo, descricao, id_profissional, id_operador, dataChamado, id_nivel) VALUES ('RCB não abre',	'If you are adding values for all the columns of the table.',	1,	2,	'2020-05-22',	2);
INSERT INTO tb_chamado (titulo, descricao, id_profissional, id_operador, dataChamado, id_nivel) VALUES ('Sem audio',	'If you are adding values for all the columns of the table.',	1,	1,	'2020-05-20',	2);
INSERT INTO tb_chamado (titulo, descricao, id_profissional, id_operador, dataChamado, id_nivel) VALUES ('Programa não abre',	'If you are adding values for all the columns of the table.',	3,	10,	'2020-03-05',	2);
INSERT INTO tb_chamado (titulo, descricao, id_profissional, id_operador, dataChamado, id_nivel) VALUES ('Internet não funciona',	'If you are adding values for all the columns of the table.',	1,	8,	'2020-05-20',	2);
INSERT INTO tb_chamado (titulo, descricao, id_profissional, id_operador, dataChamado, id_nivel) VALUES ('Exyon não abre',	'If you are adding values for all the columns of the table.',	3,	3,	'2020-03-19',	2);
INSERT INTO tb_chamado (titulo, descricao, id_profissional, id_operador, dataChamado, id_nivel) VALUES ('Exyon não abre',	'If you are adding values for all the columns of the table.',	2,	8,	'2020-04-08',	2);
INSERT INTO tb_chamado (titulo, descricao, id_profissional, id_operador, dataChamado, id_nivel) VALUES ('troca de monitor',	'If you are adding values for all the columns of the table.',	1,	13,	'2020-04-07',	1);
INSERT INTO tb_chamado (titulo, descricao, id_profissional, id_operador, dataChamado, id_nivel) VALUES ('Troca de teclado',	'If you are adding values for all the columns of the table.',	1,	13,	'2020-02-24',	1);
INSERT INTO tb_chamado (titulo, descricao, id_profissional, id_operador, dataChamado, id_nivel) VALUES ('troca de monitor',	'If you are adding values for all the columns of the table.',	1,	8,	'2020-03-05',	2);
INSERT INTO tb_chamado (titulo, descricao, id_profissional, id_operador, dataChamado, id_nivel) VALUES ('RCB não abre',	'If you are adding values for all the columns of the table.',	3,	13,	'2020-02-16',	1);
INSERT INTO tb_chamado (titulo, descricao, id_profissional, id_operador, dataChamado, id_nivel) VALUES ('Exyon não abre',	'If you are adding values for all the columns of the table.',	1,	12,	'2020-02-20',	2);
INSERT INTO tb_chamado (titulo, descricao, id_profissional, id_operador, dataChamado, id_nivel) VALUES ('Audio falhando',	'If you are adding values for all the columns of the table.',	1,	14,	'2020-05-11',	2);
INSERT INTO tb_chamado (titulo, descricao, id_profissional, id_operador, dataChamado, id_nivel) VALUES ('Troca de teclado',	'If you are adding values for all the columns of the table.',	3,	16,	'2020-03-28',	2);
INSERT INTO tb_chamado (titulo, descricao, id_profissional, id_operador, dataChamado, id_nivel) VALUES ('Total Phone não conecta',	'If you are adding values for all the columns of the table.',	2,	3,	'2020-02-21',	1);
INSERT INTO tb_chamado (titulo, descricao, id_profissional, id_operador, dataChamado, id_nivel) VALUES ('Troca de teclado',	'If you are adding values for all the columns of the table.',	2,	9,	'2020-02-11',	2);
INSERT INTO tb_chamado (titulo, descricao, id_profissional, id_operador, dataChamado, id_nivel) VALUES ('Audio falhando',	'If you are adding values for all the columns of the table.',	1,	5,	'2020-04-20',	1);
INSERT INTO tb_chamado (titulo, descricao, id_profissional, id_operador, dataChamado, id_nivel) VALUES ('troca de monitor',	'If you are adding values for all the columns of the table.',	2,	9,	'2020-02-25',	2);
INSERT INTO tb_chamado (titulo, descricao, id_profissional, id_operador, dataChamado, id_nivel) VALUES ('troca de monitor',	'If you are adding values for all the columns of the table.',	3,	5,	'2020-04-21',	2);
INSERT INTO tb_chamado (titulo, descricao, id_profissional, id_operador, dataChamado, id_nivel) VALUES ('Audio falhando',	'If you are adding values for all the columns of the table.',	1,	16,	'2020-03-20',	1);
INSERT INTO tb_chamado (titulo, descricao, id_profissional, id_operador, dataChamado, id_nivel) VALUES ('Total Phone não conecta',	'If you are adding values for all the columns of the table.',	2,	2,	'2020-05-23',	1);
INSERT INTO tb_chamado (titulo, descricao, id_profissional, id_operador, dataChamado, id_nivel) VALUES ('Cadeira não fixa',	'If you are adding values for all the columns of the table.',	3,	7,	'2020-04-15',	2);
INSERT INTO tb_chamado (titulo, descricao, id_profissional, id_operador, dataChamado, id_nivel) VALUES ('Total Phone não conecta',	'If you are adding values for all the columns of the table.',	2,	14,	'2020-03-31',	1);
INSERT INTO tb_chamado (titulo, descricao, id_profissional, id_operador, dataChamado, id_nivel) VALUES ('Pasta não encontrada',	'If you are adding values for all the columns of the table.',	1,	1,	'2020-04-26',	2);
INSERT INTO tb_chamado (titulo, descricao, id_profissional, id_operador, dataChamado, id_nivel) VALUES ('Computador não inicia',	'If you are adding values for all the columns of the table.',	2,	8,	'2020-03-17',	1);
INSERT INTO tb_chamado (titulo, descricao, id_profissional, id_operador, dataChamado, id_nivel) VALUES ('RCB não abre',	'If you are adding values for all the columns of the table.',	1,	11,	'2020-03-01',	2);
INSERT INTO tb_chamado (titulo, descricao, id_profissional, id_operador, dataChamado, id_nivel) VALUES ('Total Phone não conecta',	'If you are adding values for all the columns of the table.',	1,	7,	'2020-03-01',	2);
INSERT INTO tb_chamado (titulo, descricao, id_profissional, id_operador, dataChamado, id_nivel) VALUES ('Internet não funciona',	'If you are adding values for all the columns of the table.',	1,	2,	'2020-03-08',	2);
INSERT INTO tb_chamado (titulo, descricao, id_profissional, id_operador, dataChamado, id_nivel) VALUES ('Troca de teclado',	'If you are adding values for all the columns of the table.',	3,	16,	'2020-03-25',	1);
INSERT INTO tb_chamado (titulo, descricao, id_profissional, id_operador, dataChamado, id_nivel) VALUES ('Sem audio',	'If you are adding values for all the columns of the table.',	2,	14,	'2020-03-01',	2);
INSERT INTO tb_chamado (titulo, descricao, id_profissional, id_operador, dataChamado, id_nivel) VALUES ('Programa não abre',	'If you are adding values for all the columns of the table.',	1,	11,	'2020-02-22',	2);
INSERT INTO tb_chamado (titulo, descricao, id_profissional, id_operador, dataChamado, id_nivel) VALUES ('Exyon não abre',	'If you are adding values for all the columns of the table.',	1,	4,	'2020-05-13',	1);
INSERT INTO tb_chamado (titulo, descricao, id_profissional, id_operador, dataChamado, id_nivel) VALUES ('Não tem office',	'If you are adding values for all the columns of the table.',	2,	11,	'2020-03-05',	2);
INSERT INTO tb_chamado (titulo, descricao, id_profissional, id_operador, dataChamado, id_nivel) VALUES ('Total Phone não conecta',	'If you are adding values for all the columns of the table.',	2,	16,	'2020-05-23',	2);
INSERT INTO tb_chamado (titulo, descricao, id_profissional, id_operador, dataChamado, id_nivel) VALUES ('RCB não abre',	'If you are adding values for all the columns of the table.',	2,	9,	'2020-02-14',	2);
INSERT INTO tb_chamado (titulo, descricao, id_profissional, id_operador, dataChamado, id_nivel) VALUES ('Computador não inicia',	'If you are adding values for all the columns of the table.',	2,	4,	'2020-05-11',	2);
INSERT INTO tb_chamado (titulo, descricao, id_profissional, id_operador, dataChamado, id_nivel) VALUES ('Computador não inicia',	'If you are adding values for all the columns of the table.',	1,	2,	'2020-03-28',	2);
INSERT INTO tb_chamado (titulo, descricao, id_profissional, id_operador, dataChamado, id_nivel) VALUES ('Sem audio',	'If you are adding values for all the columns of the table.',	1,	13,	'2020-02-03',	2);
INSERT INTO tb_chamado (titulo, descricao, id_profissional, id_operador, dataChamado, id_nivel) VALUES ('Computador não inicia',	'If you are adding values for all the columns of the table.',	3,	7,	'2020-04-16',	1);
INSERT INTO tb_chamado (titulo, descricao, id_profissional, id_operador, dataChamado, id_nivel) VALUES ('RCB não abre',	'If you are adding values for all the columns of the table.',	3,	6,	'2020-04-13',	2);
INSERT INTO tb_chamado (titulo, descricao, id_profissional, id_operador, dataChamado, id_nivel) VALUES ('Não tem office',	'If you are adding values for all the columns of the table.',	2,	8,	'2020-05-03',	1);
INSERT INTO tb_chamado (titulo, descricao, id_profissional, id_operador, dataChamado, id_nivel) VALUES ('Não tem chrome',	'If you are adding values for all the columns of the table.',	2,	16,	'2020-03-20',	1);
INSERT INTO tb_chamado (titulo, descricao, id_profissional, id_operador, dataChamado, id_nivel) VALUES ('RCB não abre',	'If you are adding values for all the columns of the table.',	3,	16,	'2020-05-19',	1);
INSERT INTO tb_chamado (titulo, descricao, id_profissional, id_operador, dataChamado, id_nivel) VALUES ('Audio falhando',	'If you are adding values for all the columns of the table.',	2,	9,	'2020-03-20',	2);
INSERT INTO tb_chamado (titulo, descricao, id_profissional, id_operador, dataChamado, id_nivel) VALUES ('Cadeira não fixa',	'If you are adding values for all the columns of the table.',	1,	8,	'2020-03-11',	2);
INSERT INTO tb_chamado (titulo, descricao, id_profissional, id_operador, dataChamado, id_nivel) VALUES ('Computador não inicia',	'If you are adding values for all the columns of the table.',	1,	16,	'2020-02-24',	1);
INSERT INTO tb_chamado (titulo, descricao, id_profissional, id_operador, dataChamado, id_nivel) VALUES ('Pasta não encontrada',	'If you are adding values for all the columns of the table.',	3,	2,	'2020-05-07',	1);
INSERT INTO tb_chamado (titulo, descricao, id_profissional, id_operador, dataChamado, id_nivel) VALUES ('Troca de teclado',	'If you are adding values for all the columns of the table.',	1,	2,	'2020-05-04',	2);
INSERT INTO tb_chamado (titulo, descricao, id_profissional, id_operador, dataChamado, id_nivel) VALUES ('troca de monitor',	'If you are adding values for all the columns of the table.',	2,	4,	'2020-02-17',	2);
INSERT INTO tb_chamado (titulo, descricao, id_profissional, id_operador, dataChamado, id_nivel) VALUES ('RCB não abre',	'If you are adding values for all the columns of the table.',	1,	10,	'2020-05-18',	2);
INSERT INTO tb_chamado (titulo, descricao, id_profissional, id_operador, dataChamado, id_nivel) VALUES ('Troca de mouse',	'If you are adding values for all the columns of the table.',	1,	1,	'2020-03-20',	2);
INSERT INTO tb_chamado (titulo, descricao, id_profissional, id_operador, dataChamado, id_nivel) VALUES ('Cadeira não fixa',	'If you are adding values for all the columns of the table.',	2,	2,	'2020-03-18',	1);
INSERT INTO tb_chamado (titulo, descricao, id_profissional, id_operador, dataChamado, id_nivel) VALUES ('Troca de teclado',	'If you are adding values for all the columns of the table.',	2,	13,	'2020-03-19',	1);
INSERT INTO tb_chamado (titulo, descricao, id_profissional, id_operador, dataChamado, id_nivel) VALUES ('Internet não funciona',	'If you are adding values for all the columns of the table.',	2,	1,	'2020-05-07',	1);
INSERT INTO tb_chamado (titulo, descricao, id_profissional, id_operador, dataChamado, id_nivel) VALUES ('Não tem office',	'If you are adding values for all the columns of the table.',	1,	6,	'2020-03-13',	1);
INSERT INTO tb_chamado (titulo, descricao, id_profissional, id_operador, dataChamado, id_nivel) VALUES ('Não tem chrome',	'If you are adding values for all the columns of the table.',	1,	14,	'2020-04-21',	2);
INSERT INTO tb_chamado (titulo, descricao, id_profissional, id_operador, dataChamado, id_nivel) VALUES ('Pasta não encontrada',	'If you are adding values for all the columns of the table.',	3,	11,	'2020-04-30',	1);
INSERT INTO tb_chamado (titulo, descricao, id_profissional, id_operador, dataChamado, id_nivel) VALUES ('Internet não funciona',	'If you are adding values for all the columns of the table.',	3,	14,	'2020-04-22',	1);
INSERT INTO tb_chamado (titulo, descricao, id_profissional, id_operador, dataChamado, id_nivel) VALUES ('Não tem chrome',	'If you are adding values for all the columns of the table.',	3,	16,	'2020-04-29',	1);